CREATE EXTENSION IF NOT EXISTS "uuid-ossp";

INSERT INTO T_USER (id, city, first_name, kind, last_name, street, street_number, zip, email, quellensteuer_required, nbu_required)
VALUES ('e1c7c907-9c19-4274-9636-12cc208fa294', 'Duckburg', 'Scrooge', 'EMPLOYER', 'McDuck', 'Vault Road', '1',
        '54321', 'wealthy.scrooge@duckburg.net', null, null);

INSERT INTO T_USER (id, employer_id, city, first_name, kind, last_name, street, street_number, zip, email, quellensteuer_required, nbu_required)
VALUES ('e3a64823-324c-4aa0-8cff-436fcc9fdcb4', 'e1c7c907-9c19-4274-9636-12cc208fa294', 'Duckburg', 'Donald',
        'EMPLOYEE', 'Duck', 'Webfoot Walk', '1313', '54321', 'donald.duck@duckburg.net', true, false);

INSERT INTO T_USER (id, employer_id, city, first_name, kind, last_name, street, street_number, zip, email, quellensteuer_required, nbu_required)
VALUES ('75f70398-160a-4d91-9456-cb8bf21a867d', 'e1c7c907-9c19-4274-9636-12cc208fa294', 'Long City', 'Goofy',
        'EMPLOYEE', 'Goof', 'Longwalk Road', '1', '3233', 'goofy.goof@mail.com', true, true);

INSERT INTO T_USER (id, employer_id, city, first_name, kind, last_name, street, street_number, zip, email, quellensteuer_required, nbu_required)
VALUES ('02c96bdf-e708-4602-a8d9-09fbcdf46455', 'e1c7c907-9c19-4274-9636-12cc208fa294', 'Duckburg', 'Daisy',
        'EMPLOYEE', 'Duck', 'Webfoot Walk', '1313', '54321', 'daisy@duck.org', true, true);

--
-- Timelogs
--
-- 1
INSERT INTO T_TIMELOG (id, user_id, comment, date, date_added, date_updated, start_time, end_time, version)
VALUES (uuid_generate_v1(), 'e3a64823-324c-4aa0-8cff-436fcc9fdcb4', 'Day 1', '2020-08-10',
        '2020-10-23 20:01:10.000000', '2020-10-23 20:01:10.000000', '11:15', '16:15', 0);
-- 2
INSERT INTO T_TIMELOG (id, user_id, comment, date, date_added, date_updated, start_time, end_time, version)
VALUES (uuid_generate_v1(), 'e3a64823-324c-4aa0-8cff-436fcc9fdcb4', 'Day 2', '2020-08-13',
        '2020-10-23 20:01:10.000000', '2020-10-23 20:01:10.000000', '11:15', '17:10', 0);
-- 3
INSERT INTO T_TIMELOG (id, user_id, comment, date, date_added, date_updated, start_time, end_time, version)
VALUES (uuid_generate_v1(), 'e3a64823-324c-4aa0-8cff-436fcc9fdcb4', 'Day 3', '2020-08-14',
        '2020-10-23 20:01:10.000000', '2020-10-23 20:01:10.000000', '11:30', '15:50', 0);
-- 4
INSERT INTO T_TIMELOG (id, user_id, comment, date, date_added, date_updated, start_time, end_time, version)
VALUES (uuid_generate_v1(), 'e3a64823-324c-4aa0-8cff-436fcc9fdcb4', 'Day 4', '2020-08-17',
        '2020-10-23 20:01:10.000000', '2020-10-23 20:01:10.000000', '11:50', '17:40', 0);
-- 5
INSERT INTO T_TIMELOG (id, user_id, comment, date, date_added, date_updated, start_time, end_time, version)
VALUES (uuid_generate_v1(), 'e3a64823-324c-4aa0-8cff-436fcc9fdcb4', 'Day 5', '2020-08-21',
        '2020-10-23 20:01:10.000000', '2020-10-23 20:01:10.000000', '11:50', '17:00', 0);
-- 6
INSERT INTO T_TIMELOG (id, user_id, comment, date, date_added, date_updated, start_time, end_time, version)
VALUES (uuid_generate_v1(), 'e3a64823-324c-4aa0-8cff-436fcc9fdcb4', 'Day 6', '2020-08-24',
        '2020-10-23 20:01:10.000000', '2020-10-23 20:01:10.000000', '11:50', '17:35', 0);
-- 7
INSERT INTO T_TIMELOG (id, user_id, comment, date, date_added, date_updated, start_time, end_time, version)
VALUES (uuid_generate_v1(), 'e3a64823-324c-4aa0-8cff-436fcc9fdcb4', 'Day 7', '2020-08-27',
        '2020-10-23 20:01:10.000000', '2020-10-23 20:01:10.000000', '07:50', '17:30', 0);
-- 8
INSERT INTO T_TIMELOG (id, user_id, comment, date, date_added, date_updated, start_time, end_time, version)
VALUES (uuid_generate_v1(), 'e3a64823-324c-4aa0-8cff-436fcc9fdcb4', 'Day 8', '2020-09-03',
        '2020-10-23 20:01:10.000000', '2020-10-23 20:01:10.000000', '07:50', '17:30', 0);
-- 9
INSERT INTO T_TIMELOG (id, user_id, comment, date, date_added, date_updated, start_time, end_time, version)
VALUES (uuid_generate_v1(), 'e3a64823-324c-4aa0-8cff-436fcc9fdcb4', 'Day 9', '2020-09-04',
        '2020-10-23 20:01:10.000000', '2020-10-23 20:01:10.000000', '07:50', '17:00', 0);
-- 10
INSERT INTO T_TIMELOG (id, user_id, comment, date, date_added, date_updated, start_time, end_time, version)
VALUES (uuid_generate_v1(), 'e3a64823-324c-4aa0-8cff-436fcc9fdcb4', 'Day 10', '2020-09-07',
        '2020-10-23 20:01:10.000000', '2020-10-23 20:01:10.000000', '11:50', '18:00', 0);
-- 11
INSERT INTO T_TIMELOG (id, user_id, comment, date, date_added, date_updated, start_time, end_time, version)
VALUES (uuid_generate_v1(), 'e3a64823-324c-4aa0-8cff-436fcc9fdcb4', 'Day 11', '2020-09-10',
        '2020-10-23 20:01:10.000000', '2020-10-23 20:01:10.000000', '07:50', '17:15', 0);
-- 12
INSERT INTO T_TIMELOG (id, user_id, comment, date, date_added, date_updated, start_time, end_time, version)
VALUES (uuid_generate_v1(), 'e3a64823-324c-4aa0-8cff-436fcc9fdcb4', 'Day 12', '2020-09-11',
        '2020-10-23 20:01:10.000000', '2020-10-23 20:01:10.000000', '07:50', '17:10', 0);
-- 13
INSERT INTO T_TIMELOG (id, user_id, comment, date, date_added, date_updated, start_time, end_time, version)
VALUES (uuid_generate_v1(), 'e3a64823-324c-4aa0-8cff-436fcc9fdcb4', 'Day 13', '2020-09-14',
        '2020-10-23 20:01:10.000000', '2020-10-23 20:01:10.000000', '11:50', '17:20', 0);
-- 14
INSERT INTO T_TIMELOG (id, user_id, comment, date, date_added, date_updated, start_time, end_time, version)
VALUES (uuid_generate_v1(), 'e3a64823-324c-4aa0-8cff-436fcc9fdcb4', 'Day 14', '2020-09-24',
        '2020-10-23 20:01:10.000000', '2020-10-23 20:01:10.000000', '09:50', '17:30', 0);
-- 15
INSERT INTO T_TIMELOG (id, user_id, comment, date, date_added, date_updated, start_time, end_time, version)
VALUES (uuid_generate_v1(), 'e3a64823-324c-4aa0-8cff-436fcc9fdcb4', 'Day 15', '2020-09-25',
        '2020-10-23 20:01:10.000000', '2020-10-23 20:01:10.000000', '08:50', '17:15', 0);
-- 16
INSERT INTO T_TIMELOG (id, user_id, comment, date, date_added, date_updated, start_time, end_time, version)
VALUES (uuid_generate_v1(), 'e3a64823-324c-4aa0-8cff-436fcc9fdcb4', 'Day 16', '2022-02-12',
        '2022-02-12 20:01:10.000000', '2022-02-12 20:01:10.000000', '08:50', '17:15', 0);
-- Daisy Day 1
INSERT INTO T_TIMELOG (id, user_id, comment, date, date_added, date_updated, start_time, end_time, version)
VALUES (uuid_generate_v1(), '02c96bdf-e708-4602-a8d9-09fbcdf46455', 'Day 1 for Daisy', '2022-02-10',
        '2022-02-11 20:01:10.000000', '2022-02-11 20:01:10.000000', '09:00', '13:00', 0);

--------------------------
-- SALARY
--------------------------

INSERT INTO T_SALARY (id, user_id, hourly_wage, valid_from, valid_until)
VALUES ('63d40520-7670-4860-a756-54e5969628c3', 'e3a64823-324c-4aa0-8cff-436fcc9fdcb4', 23.0, to_date('20200801', 'YYYYMMDD'), to_date('20200831', 'YYYYMMDD'));

INSERT INTO T_SALARY (id, user_id, hourly_wage, valid_from)
VALUES ('29e4af62-292c-4e46-ab63-8785a05c8061', 'e3a64823-324c-4aa0-8cff-436fcc9fdcb4', 25.0, to_date('20200901', 'YYYYMMDD'));

INSERT INTO T_SALARY (id, user_id, hourly_wage, valid_from)
VALUES ('781740f5-d375-49fe-9489-cf2a792c1de4', '02c96bdf-e708-4602-a8d9-09fbcdf46455', 30.0, to_date('20220101', 'YYYYMMDD'));

INSERT INTO T_SALARY (id, user_id, hourly_wage, valid_from)
VALUES ('a8957c4d-b830-4ef2-9cdd-8a91577afe94', '75f70398-160a-4d91-9456-cb8bf21a867d', 9.99, to_date('20000101', 'YYYYMMDD'));



INSERT INTO t_user (id,city,employer_id,first_name,kind,last_name,street,street_number,zip,email) VALUES
                                                                                                             ('b5b0d64f-2c87-4a14-9ca5-d208fdfcb74a','Muri bei Bern',NULL,'Johan','EMPLOYER','Wannheden','Storchenhübeliweg','11','3074','johan.wannheden@gmail.com'),
                                                                                                             ('5d10a7cf-9b34-4990-bd39-0a7b9196aecb','Süderen','b5b0d64f-2c87-4a14-9ca5-d208fdfcb74a','Helena','EMPLOYEE','Langer','Oberei','312','3618','helenalanger95@gmail.com'),
                                                                                                             ('ee66927c-a75f-4310-8582-a68f9dd96040','Ortschwaben','b5b0d64f-2c87-4a14-9ca5-d208fdfcb74a','Simona','EMPLOYEE','Schott','Gaertlirain','9','3042','example@mail.com');
INSERT INTO t_salary (user_id,hourly_wage,id,valid_from,valid_until) VALUES
                                                                                ('5d10a7cf-9b34-4990-bd39-0a7b9196aecb',23.0,'a91a992c-ed43-4f85-8b77-bf4e806748d3','2020-08-01','2021-01-31'),
                                                                                ('5d10a7cf-9b34-4990-bd39-0a7b9196aecb',25.0,'2857804b-5d19-4bfd-9792-b323e2076edc','2021-02-01',NULL),
                                                                                ('ee66927c-a75f-4310-8582-a68f9dd96040',34.7,'3134fac2-6f70-49f5-944a-9f1747f0b07e','2022-01-01',NULL);
INSERT INTO t_timelog (id,"comment","date",date_added,date_updated,end_time,start_time,user_id,"version") VALUES
                                                                                                                     ('6ee239cc-73d4-11eb-9350-0242ac170002',NULL,'2021-01-06','2021-01-20 21:00:00','2021-01-20 21:00:00','17:30:00','11:45:00','5d10a7cf-9b34-4990-bd39-0a7b9196aecb',0),
                                                                                                                     ('6ee24ef8-73d4-11eb-9350-0242ac170002',NULL,'2021-01-14','2021-01-20 21:00:00','2021-01-20 21:00:00','17:30:00','07:45:00','5d10a7cf-9b34-4990-bd39-0a7b9196aecb',0),
                                                                                                                     ('6ee25f74-73d4-11eb-9350-0242ac170002',NULL,'2021-01-15','2021-01-20 21:00:00','2021-01-20 21:00:00','17:45:00','07:45:00','5d10a7cf-9b34-4990-bd39-0a7b9196aecb',0),
                                                                                                                     ('6ee2682a-73d4-11eb-9350-0242ac170002',NULL,'2021-01-18','2021-01-20 21:00:00','2021-01-20 21:00:00','17:45:00','11:45:00','5d10a7cf-9b34-4990-bd39-0a7b9196aecb',0),
                                                                                                                     ('6ee26f82-73d4-11eb-9350-0242ac170002',NULL,'2021-01-21','2021-01-23 19:15:00','2021-01-23 19:15:00','17:00:00','07:45:00','5d10a7cf-9b34-4990-bd39-0a7b9196aecb',0),
                                                                                                                     ('6ee27590-73d4-11eb-9350-0242ac170002',NULL,'2021-01-22','2021-01-23 19:15:00','2021-01-23 19:15:00','17:10:00','07:45:00','5d10a7cf-9b34-4990-bd39-0a7b9196aecb',0),
                                                                                                                     ('6ee27c3e-73d4-11eb-9350-0242ac170002','Helena sjuk','2021-01-25','2021-01-25 21:00:00','2021-01-23 21:00:00','17:00:00','11:45:00','5d10a7cf-9b34-4990-bd39-0a7b9196aecb',0),
                                                                                                                     ('6ee28260-73d4-11eb-9350-0242ac170002',NULL,'2021-01-28','2021-01-30 14:55:00','2021-01-30 14:55:00','17:15:00','07:45:00','5d10a7cf-9b34-4990-bd39-0a7b9196aecb',0),
                                                                                                                     ('6ee28850-73d4-11eb-9350-0242ac170002',NULL,'2021-01-29','2021-01-30 22:33:00','2021-01-30 22:33:00','17:15:00','07:45:00','5d10a7cf-9b34-4990-bd39-0a7b9196aecb',0),
                                                                                                                     ('6ee28e22-73d4-11eb-9350-0242ac170002',NULL,'2021-02-01','2021-02-19 22:22:00','2021-02-19 22:22:00','17:45:00','14:00:00','5d10a7cf-9b34-4990-bd39-0a7b9196aecb',0);
INSERT INTO t_timelog (id,"comment","date",date_added,date_updated,end_time,start_time,user_id,"version") VALUES
                                                                                                                     ('6ee293f4-73d4-11eb-9350-0242ac170002',NULL,'2021-02-04','2021-02-19 22:22:00','2021-02-19 22:22:00','17:45:00','07:45:00','5d10a7cf-9b34-4990-bd39-0a7b9196aecb',0),
                                                                                                                     ('6ee299b2-73d4-11eb-9350-0242ac170002',NULL,'2021-02-05','2021-02-19 22:22:00','2021-02-19 22:22:00','17:15:00','07:45:00','5d10a7cf-9b34-4990-bd39-0a7b9196aecb',0),
                                                                                                                     ('6ee29f84-73d4-11eb-9350-0242ac170002',NULL,'2021-02-15','2021-02-19 22:22:00','2021-02-19 22:22:00','17:15:00','11:45:00','5d10a7cf-9b34-4990-bd39-0a7b9196aecb',0),
                                                                                                                     ('6ee2a5c4-73d4-11eb-9350-0242ac170002',NULL,'2021-02-18','2021-02-19 22:22:00','2021-02-19 22:22:00','17:00:00','07:45:00','5d10a7cf-9b34-4990-bd39-0a7b9196aecb',0),
                                                                                                                     ('6ee2abbe-73d4-11eb-9350-0242ac170002',NULL,'2021-02-19','2021-02-20 13:20:00','2021-02-20 13:20:00','17:20:00','07:45:00','5d10a7cf-9b34-4990-bd39-0a7b9196aecb',0),
                                                                                                                     ('21c32dff-d01d-4c0a-8ee5-0e639b9aec19',NULL,'2021-02-22','2021-02-27 21:30:13','2021-02-27 21:30:13','17:10:00','11:45:00','5d10a7cf-9b34-4990-bd39-0a7b9196aecb',0),
                                                                                                                     ('6e09166d-0aa3-469c-9996-f20a05790281',NULL,'2021-02-25','2021-02-27 21:30:34','2021-02-27 21:30:34','17:35:00','07:45:00','5d10a7cf-9b34-4990-bd39-0a7b9196aecb',0),
                                                                                                                     ('665e137d-22f4-4ba7-86f6-77422a89f44b',NULL,'2021-02-26','2021-02-27 21:30:53','2021-02-27 21:30:53','17:00:00','07:45:00','5d10a7cf-9b34-4990-bd39-0a7b9196aecb',0),
                                                                                                                     ('7ee8ed3a-87d8-11eb-a716-0242c0a81004',NULL,'2020-08-10','2021-03-18 11:55:47.56836','2021-03-18 11:55:47.56836','16:15:00','11:15:00','5d10a7cf-9b34-4990-bd39-0a7b9196aecb',0),
                                                                                                                     ('7ee90b44-87d8-11eb-a716-0242c0a81004',NULL,'2020-08-13','2021-03-18 11:55:47.56836','2021-03-18 11:55:47.56836','17:10:00','11:15:00','5d10a7cf-9b34-4990-bd39-0a7b9196aecb',0);
INSERT INTO t_timelog (id,"comment","date",date_added,date_updated,end_time,start_time,user_id,"version") VALUES
                                                                                                                     ('7ee912ba-87d8-11eb-a716-0242c0a81004',NULL,'2020-08-14','2021-03-18 11:55:47.56836','2021-03-18 11:55:47.56836','15:50:00','11:30:00','5d10a7cf-9b34-4990-bd39-0a7b9196aecb',0),
                                                                                                                     ('7ee918b4-87d8-11eb-a716-0242c0a81004',NULL,'2020-08-17','2021-03-18 11:55:47.56836','2021-03-18 11:55:47.56836','17:40:00','11:50:00','5d10a7cf-9b34-4990-bd39-0a7b9196aecb',0),
                                                                                                                     ('7ee91fe4-87d8-11eb-a716-0242c0a81004',NULL,'2020-08-21','2021-03-18 11:55:47.56836','2021-03-18 11:55:47.56836','17:00:00','11:50:00','5d10a7cf-9b34-4990-bd39-0a7b9196aecb',0),
                                                                                                                     ('7ee9271e-87d8-11eb-a716-0242c0a81004',NULL,'2020-08-24','2021-03-18 11:55:47.56836','2021-03-18 11:55:47.56836','17:35:00','11:50:00','5d10a7cf-9b34-4990-bd39-0a7b9196aecb',0),
                                                                                                                     ('7ee92d04-87d8-11eb-a716-0242c0a81004',NULL,'2020-08-27','2021-03-18 11:55:47.56836','2021-03-18 11:55:47.56836','17:30:00','07:50:00','5d10a7cf-9b34-4990-bd39-0a7b9196aecb',0),
                                                                                                                     ('7ee93362-87d8-11eb-a716-0242c0a81004',NULL,'2020-08-28','2021-03-18 11:55:47.56836','2021-03-18 11:55:47.56836','17:00:00','07:50:00','5d10a7cf-9b34-4990-bd39-0a7b9196aecb',0),
                                                                                                                     ('7ee93966-87d8-11eb-a716-0242c0a81004',NULL,'2020-09-03','2021-03-18 11:55:47.56836','2021-03-18 11:55:47.56836','17:30:00','07:50:00','5d10a7cf-9b34-4990-bd39-0a7b9196aecb',0),
                                                                                                                     ('7ee93f2e-87d8-11eb-a716-0242c0a81004',NULL,'2020-09-04','2021-03-18 11:55:47.56836','2021-03-18 11:55:47.56836','17:00:00','07:50:00','5d10a7cf-9b34-4990-bd39-0a7b9196aecb',0),
                                                                                                                     ('7ee944f6-87d8-11eb-a716-0242c0a81004',NULL,'2020-09-07','2021-03-18 11:55:47.56836','2021-03-18 11:55:47.56836','18:00:00','11:50:00','5d10a7cf-9b34-4990-bd39-0a7b9196aecb',0),
                                                                                                                     ('7ee94abe-87d8-11eb-a716-0242c0a81004',NULL,'2020-09-10','2021-03-18 11:55:47.56836','2021-03-18 11:55:47.56836','17:15:00','07:50:00','5d10a7cf-9b34-4990-bd39-0a7b9196aecb',0);
INSERT INTO t_timelog (id,"comment","date",date_added,date_updated,end_time,start_time,user_id,"version") VALUES
                                                                                                                     ('7ee951a8-87d8-11eb-a716-0242c0a81004',NULL,'2020-09-11','2021-03-18 11:55:47.56836','2021-03-18 11:55:47.56836','17:10:00','07:50:00','5d10a7cf-9b34-4990-bd39-0a7b9196aecb',0),
                                                                                                                     ('7ee9578e-87d8-11eb-a716-0242c0a81004',NULL,'2020-09-14','2021-03-18 11:55:47.56836','2021-03-18 11:55:47.56836','17:20:00','11:50:00','5d10a7cf-9b34-4990-bd39-0a7b9196aecb',0),
                                                                                                                     ('7ee95e14-87d8-11eb-a716-0242c0a81004',NULL,'2020-09-24','2021-03-18 11:55:47.56836','2021-03-18 11:55:47.56836','17:30:00','09:50:00','5d10a7cf-9b34-4990-bd39-0a7b9196aecb',0),
                                                                                                                     ('7ee963fa-87d8-11eb-a716-0242c0a81004',NULL,'2020-09-25','2021-03-18 11:55:47.56836','2021-03-18 11:55:47.56836','17:15:00','08:50:00','5d10a7cf-9b34-4990-bd39-0a7b9196aecb',0),
                                                                                                                     ('7ee969b8-87d8-11eb-a716-0242c0a81004',NULL,'2020-10-12','2021-03-18 11:55:47.56836','2021-03-18 11:55:47.56836','17:20:00','11:50:00','5d10a7cf-9b34-4990-bd39-0a7b9196aecb',0),
                                                                                                                     ('7ee96f6c-87d8-11eb-a716-0242c0a81004',NULL,'2020-10-15','2021-03-18 11:55:47.56836','2021-03-18 11:55:47.56836','17:00:00','07:50:00','5d10a7cf-9b34-4990-bd39-0a7b9196aecb',0),
                                                                                                                     ('7ee97520-87d8-11eb-a716-0242c0a81004',NULL,'2020-10-16','2021-03-18 11:55:47.56836','2021-03-18 11:55:47.56836','17:00:00','07:50:00','5d10a7cf-9b34-4990-bd39-0a7b9196aecb',0),
                                                                                                                     ('7ee97ade-87d8-11eb-a716-0242c0a81004',NULL,'2020-10-19','2021-03-18 11:55:47.56836','2021-03-18 11:55:47.56836','17:20:00','11:50:00','5d10a7cf-9b34-4990-bd39-0a7b9196aecb',0),
                                                                                                                     ('7ee9811e-87d8-11eb-a716-0242c0a81004',NULL,'2020-10-21','2021-03-18 11:55:47.56836','2021-03-18 11:55:47.56836','17:00:00','07:50:00','5d10a7cf-9b34-4990-bd39-0a7b9196aecb',0),
                                                                                                                     ('7ee98718-87d8-11eb-a716-0242c0a81004',NULL,'2020-10-22','2021-03-18 11:55:47.56836','2021-03-18 11:55:47.56836','16:00:00','07:50:00','5d10a7cf-9b34-4990-bd39-0a7b9196aecb',0);
INSERT INTO t_timelog (id,"comment","date",date_added,date_updated,end_time,start_time,user_id,"version") VALUES
                                                                                                                     ('7ee98cea-87d8-11eb-a716-0242c0a81004',NULL,'2020-10-26','2021-03-18 11:55:47.56836','2021-03-18 11:55:47.56836','17:00:00','11:50:00','5d10a7cf-9b34-4990-bd39-0a7b9196aecb',0),
                                                                                                                     ('7ee992bc-87d8-11eb-a716-0242c0a81004',NULL,'2020-10-29','2021-03-18 11:55:47.56836','2021-03-18 11:55:47.56836','17:00:00','07:50:00','5d10a7cf-9b34-4990-bd39-0a7b9196aecb',0),
                                                                                                                     ('7ee9987a-87d8-11eb-a716-0242c0a81004',NULL,'2020-10-30','2021-03-18 11:55:47.56836','2021-03-18 11:55:47.56836','17:20:00','07:50:00','5d10a7cf-9b34-4990-bd39-0a7b9196aecb',0),
                                                                                                                     ('7ee99e42-87d8-11eb-a716-0242c0a81004',NULL,'2020-11-02','2021-03-18 11:55:47.56836','2021-03-18 11:55:47.56836','17:15:00','11:50:00','5d10a7cf-9b34-4990-bd39-0a7b9196aecb',0),
                                                                                                                     ('7ee9a40a-87d8-11eb-a716-0242c0a81004',NULL,'2020-11-05','2021-03-18 11:55:47.56836','2021-03-18 11:55:47.56836','17:00:00','08:45:00','5d10a7cf-9b34-4990-bd39-0a7b9196aecb',0),
                                                                                                                     ('7eecc5e0-87d8-11eb-a716-0242c0a81004',NULL,'2020-11-06','2021-03-18 11:55:47.56836','2021-03-18 11:55:47.56836','17:25:00','07:45:00','5d10a7cf-9b34-4990-bd39-0a7b9196aecb',0),
                                                                                                                     ('7eecccb6-87d8-11eb-a716-0242c0a81004',NULL,'2020-11-09','2021-03-18 11:55:47.56836','2021-03-18 11:55:47.56836','17:30:00','11:45:00','5d10a7cf-9b34-4990-bd39-0a7b9196aecb',0),
                                                                                                                     ('6a4d9c58-87d9-11eb-aea3-0242c0a81004',NULL,'2021-03-01','2021-03-18 12:02:22.41474','2021-03-18 12:02:22.41474','17:30:00','11:45:00','5d10a7cf-9b34-4990-bd39-0a7b9196aecb',0),
                                                                                                                     ('6a4db08a-87d9-11eb-aea3-0242c0a81004',NULL,'2021-03-04','2021-03-18 12:02:22.41474','2021-03-18 12:02:22.41474','17:15:00','07:45:00','5d10a7cf-9b34-4990-bd39-0a7b9196aecb',0),
                                                                                                                     ('6a4db7a6-87d9-11eb-aea3-0242c0a81004',NULL,'2021-03-05','2021-03-18 12:02:22.41474','2021-03-18 12:02:22.41474','17:00:00','07:45:00','5d10a7cf-9b34-4990-bd39-0a7b9196aecb',0);
INSERT INTO t_timelog (id,"comment","date",date_added,date_updated,end_time,start_time,user_id,"version") VALUES
                                                                                                                     ('6a4dbdaa-87d9-11eb-aea3-0242c0a81004',NULL,'2021-03-08','2021-03-18 12:02:22.41474','2021-03-18 12:02:22.41474','17:30:00','11:45:00','5d10a7cf-9b34-4990-bd39-0a7b9196aecb',0),
                                                                                                                     ('6a4dc39a-87d9-11eb-aea3-0242c0a81004',NULL,'2021-03-11','2021-03-18 12:02:22.41474','2021-03-18 12:02:22.41474','17:20:00','07:45:00','5d10a7cf-9b34-4990-bd39-0a7b9196aecb',0),
                                                                                                                     ('6a4dca02-87d9-11eb-aea3-0242c0a81004',NULL,'2021-03-12','2021-03-18 12:02:22.41474','2021-03-18 12:02:22.41474','18:00:00','07:45:00','5d10a7cf-9b34-4990-bd39-0a7b9196aecb',0),
                                                                                                                     ('6a4dd07e-87d9-11eb-aea3-0242c0a81004',NULL,'2021-03-15','2021-03-18 12:02:22.41474','2021-03-18 12:02:22.41474','17:45:00','11:45:00','5d10a7cf-9b34-4990-bd39-0a7b9196aecb',0),
                                                                                                                     ('d1f183d2-9740-4267-a09e-4acff23f7932',NULL,'2021-03-18','2021-03-18 18:42:35','2021-03-18 18:42:35','17:10:00','07:45:00','5d10a7cf-9b34-4990-bd39-0a7b9196aecb',0),
                                                                                                                     ('aa3db1d9-7b0b-4673-92e8-688f9aad57e8',NULL,'2021-03-19','2021-03-19 20:00:14','2021-03-19 20:00:14','17:15:00','07:45:00','5d10a7cf-9b34-4990-bd39-0a7b9196aecb',0),
                                                                                                                     ('6c886f4b-2c09-4794-9d20-e94c9dfbbe65',NULL,'2021-03-22','2021-03-22 18:14:02','2021-03-22 18:14:02','17:00:00','11:45:00','5d10a7cf-9b34-4990-bd39-0a7b9196aecb',0),
                                                                                                                     ('e41a1cbe-8d33-11eb-aea3-0242c0a81004',NULL,'2020-11-16','2021-03-25 07:32:37.415218','2021-03-25 07:32:37.415218','17:20:00','11:45:00','5d10a7cf-9b34-4990-bd39-0a7b9196aecb',0),
                                                                                                                     ('e41a376c-8d33-11eb-aea3-0242c0a81004',NULL,'2020-11-19','2021-03-25 07:32:37.415218','2021-03-25 07:32:37.415218','17:25:00','07:45:00','5d10a7cf-9b34-4990-bd39-0a7b9196aecb',0),
                                                                                                                     ('e41a3e4c-8d33-11eb-aea3-0242c0a81004',NULL,'2020-11-20','2021-03-25 07:32:37.415218','2021-03-25 07:32:37.415218','17:30:00','07:45:00','5d10a7cf-9b34-4990-bd39-0a7b9196aecb',0);
INSERT INTO t_timelog (id,"comment","date",date_added,date_updated,end_time,start_time,user_id,"version") VALUES
                                                                                                                     ('e41a4464-8d33-11eb-aea3-0242c0a81004',NULL,'2020-11-23','2021-03-25 07:32:37.415218','2021-03-25 07:32:37.415218','17:25:00','11:45:00','5d10a7cf-9b34-4990-bd39-0a7b9196aecb',0),
                                                                                                                     ('e41a4a7c-8d33-11eb-aea3-0242c0a81004',NULL,'2020-11-26','2021-03-25 07:32:37.415218','2021-03-25 07:32:37.415218','17:20:00','07:45:00','5d10a7cf-9b34-4990-bd39-0a7b9196aecb',0),
                                                                                                                     ('e41a5148-8d33-11eb-aea3-0242c0a81004',NULL,'2020-11-27','2021-03-25 07:32:37.415218','2021-03-25 07:32:37.415218','17:30:00','07:45:00','5d10a7cf-9b34-4990-bd39-0a7b9196aecb',0),
                                                                                                                     ('e41a577e-8d33-11eb-aea3-0242c0a81004',NULL,'2020-11-30','2021-03-25 07:32:37.415218','2021-03-25 07:32:37.415218','17:30:00','11:45:00','5d10a7cf-9b34-4990-bd39-0a7b9196aecb',0),
                                                                                                                     ('e41a5eea-8d33-11eb-aea3-0242c0a81004',NULL,'2020-12-03','2021-03-25 07:32:37.415218','2021-03-25 07:32:37.415218','17:45:00','07:35:00','5d10a7cf-9b34-4990-bd39-0a7b9196aecb',0),
                                                                                                                     ('e41a6520-8d33-11eb-aea3-0242c0a81004',NULL,'2020-12-04','2021-03-25 07:32:37.415218','2021-03-25 07:32:37.415218','17:30:00','07:45:00','5d10a7cf-9b34-4990-bd39-0a7b9196aecb',0),
                                                                                                                     ('e41a6b2e-8d33-11eb-aea3-0242c0a81004',NULL,'2020-12-07','2021-03-25 07:32:37.415218','2021-03-25 07:32:37.415218','17:25:00','11:45:00','5d10a7cf-9b34-4990-bd39-0a7b9196aecb',0),
                                                                                                                     ('e41a71aa-8d33-11eb-aea3-0242c0a81004',NULL,'2020-12-10','2021-03-25 07:32:37.415218','2021-03-25 07:32:37.415218','17:20:00','07:45:00','5d10a7cf-9b34-4990-bd39-0a7b9196aecb',0),
                                                                                                                     ('e41a783a-8d33-11eb-aea3-0242c0a81004',NULL,'2020-12-11','2021-03-25 07:32:37.415218','2021-03-25 07:32:37.415218','17:25:00','08:30:00','5d10a7cf-9b34-4990-bd39-0a7b9196aecb',0),
                                                                                                                     ('e41a7e66-8d33-11eb-aea3-0242c0a81004',NULL,'2020-12-14','2021-03-25 07:32:37.415218','2021-03-25 07:32:37.415218','17:35:00','11:45:00','5d10a7cf-9b34-4990-bd39-0a7b9196aecb',0);
INSERT INTO t_timelog (id,"comment","date",date_added,date_updated,end_time,start_time,user_id,"version") VALUES
                                                                                                                     ('d297f214-e282-4fbc-8e3f-8dcb84b18088',NULL,'2021-03-25','2021-03-25 19:30:14','2021-03-25 19:30:14','17:05:00','07:45:00','5d10a7cf-9b34-4990-bd39-0a7b9196aecb',0),
                                                                                                                     ('6ced378e-1f79-4734-8d28-34b11eba7736',NULL,'2021-03-26','2021-03-26 14:22:38','2021-03-26 14:22:38','14:00:00','07:50:00','5d10a7cf-9b34-4990-bd39-0a7b9196aecb',0),
                                                                                                                     ('4293c813-c783-436e-8f31-38f49261e3ba',NULL,'2021-03-29','2021-03-29 17:57:43','2021-03-29 17:57:43','17:15:00','09:00:00','5d10a7cf-9b34-4990-bd39-0a7b9196aecb',0),
                                                                                                                     ('4ca2b194-942b-4b97-91ae-a797e5578740',NULL,'2021-03-30','2021-03-31 10:35:47','2021-03-31 10:35:47','17:55:00','09:00:00','5d10a7cf-9b34-4990-bd39-0a7b9196aecb',0),
                                                                                                                     ('39786d2c-60aa-4e01-b474-c60cbc1d63dd',NULL,'2021-04-01','2021-04-02 00:17:11','2021-04-02 00:17:11','17:15:00','07:45:00','5d10a7cf-9b34-4990-bd39-0a7b9196aecb',0),
                                                                                                                     ('1b12eafb-dae9-4f63-945e-12ce1cee13ce',NULL,'2021-04-08','2021-04-08 21:08:59','2021-04-08 21:08:59','17:15:00','07:45:00','5d10a7cf-9b34-4990-bd39-0a7b9196aecb',0),
                                                                                                                     ('eece8592-0c67-41f5-8b98-1fe2e9e73c18',NULL,'2021-04-09','2021-04-09 20:42:32','2021-04-09 20:42:32','17:05:00','07:45:00','5d10a7cf-9b34-4990-bd39-0a7b9196aecb',0),
                                                                                                                     ('65c07f83-67e5-423e-b691-df1c9a72cc8e',NULL,'2021-04-15','2021-04-15 20:25:50','2021-04-15 20:25:50','17:00:00','09:00:00','5d10a7cf-9b34-4990-bd39-0a7b9196aecb',0),
                                                                                                                     ('b4e1033c-e07e-4a2b-a7f2-2cefc1c48195',NULL,'2021-04-26','2021-04-26 19:15:05','2021-04-26 19:15:05','17:40:00','11:45:00','5d10a7cf-9b34-4990-bd39-0a7b9196aecb',0),
                                                                                                                     ('6a4419cf-945d-43cc-9aa9-3f3857410984',NULL,'2021-04-29','2021-04-30 21:31:22','2021-04-30 21:31:22','17:05:00','07:45:00','5d10a7cf-9b34-4990-bd39-0a7b9196aecb',0);
INSERT INTO t_timelog (id,"comment","date",date_added,date_updated,end_time,start_time,user_id,"version") VALUES
                                                                                                                     ('a3daa323-4f74-4ef3-b202-933b2f1251de',NULL,'2021-04-30','2021-04-30 21:31:27','2021-04-30 21:31:27','17:15:00','07:45:00','5d10a7cf-9b34-4990-bd39-0a7b9196aecb',0),
                                                                                                                     ('f5ad5f61-66b8-4717-a1cb-73efc3a7cf3d',NULL,'2021-05-03','2021-05-04 13:24:24','2021-05-04 13:24:24','17:45:00','11:45:00','5d10a7cf-9b34-4990-bd39-0a7b9196aecb',0),
                                                                                                                     ('e3d86364-27fe-48da-830d-47aa750bb58f',NULL,'2021-05-06','2021-05-06 18:03:55','2021-05-06 18:03:55','17:30:00','07:45:00','5d10a7cf-9b34-4990-bd39-0a7b9196aecb',0),
                                                                                                                     ('74ef91fe-4bbc-4a72-9020-28d3a52a7e12',NULL,'2021-05-07','2021-05-07 18:37:39','2021-05-07 18:37:39','17:40:00','07:45:00','5d10a7cf-9b34-4990-bd39-0a7b9196aecb',0),
                                                                                                                     ('a1cb668a-8fd1-427f-b586-369d8de40b77',NULL,'2021-05-10','2021-05-10 20:05:41','2021-05-10 20:05:41','17:45:00','11:45:00','5d10a7cf-9b34-4990-bd39-0a7b9196aecb',0),
                                                                                                                     ('24528978-d9ac-4bc5-a072-f043f41bb6aa',NULL,'2021-05-17','2021-05-20 20:04:03','2021-05-20 20:04:03','16:55:00','08:45:00','5d10a7cf-9b34-4990-bd39-0a7b9196aecb',0),
                                                                                                                     ('a509e028-d7ca-4e3c-8ff9-fa867a199d4a',NULL,'2021-05-20','2021-05-20 20:04:15','2021-05-20 20:04:15','18:00:00','07:45:00','5d10a7cf-9b34-4990-bd39-0a7b9196aecb',0),
                                                                                                                     ('a001f313-b615-4406-8a55-746ea2d255db',NULL,'2021-05-21','2021-05-21 21:14:26','2021-05-21 21:14:26','17:15:00','07:45:00','5d10a7cf-9b34-4990-bd39-0a7b9196aecb',0),
                                                                                                                     ('dbc5f0c8-cd90-4a51-9461-b13a0c7c5584','Helena sjuk','2021-05-27','2021-05-27 20:26:51','2021-05-27 20:26:51','17:25:00','08:00:00','b5b0d64f-2c87-4a14-9ca5-d208fdfcb74a',0),
                                                                                                                     ('f90b57be-7671-4689-bbe8-b2c89dc898b1',NULL,'2021-05-28','2021-05-30 08:40:12','2021-05-30 08:40:12','17:45:00','07:45:00','5d10a7cf-9b34-4990-bd39-0a7b9196aecb',0);
INSERT INTO t_timelog (id,"comment","date",date_added,date_updated,end_time,start_time,user_id,"version") VALUES
                                                                                                                     ('83e85e38-b1e5-4f6f-a449-1c6d5bf979f3',NULL,'2021-05-31','2021-05-31 20:08:44','2021-05-31 20:08:44','17:40:00','11:30:00','5d10a7cf-9b34-4990-bd39-0a7b9196aecb',0),
                                                                                                                     ('3e114465-2d0d-4ac4-abc6-be92481b9ea6',NULL,'2021-06-03','2021-06-04 21:05:33','2021-06-04 21:05:33','17:15:00','07:45:00','5d10a7cf-9b34-4990-bd39-0a7b9196aecb',0),
                                                                                                                     ('0bafb074-9489-4f52-b920-dd4398e820af',NULL,'2021-06-04','2021-06-04 21:05:40','2021-06-04 21:05:40','17:20:00','07:45:00','5d10a7cf-9b34-4990-bd39-0a7b9196aecb',0),
                                                                                                                     ('342a32f0-1994-4aee-87f9-6be758a7f361',NULL,'2021-06-07','2021-06-11 19:12:10','2021-06-11 19:12:10','17:45:00','11:45:00','5d10a7cf-9b34-4990-bd39-0a7b9196aecb',0),
                                                                                                                     ('53d3d900-aba1-4556-9ee1-96d9f0398bf4',NULL,'2021-06-10','2021-06-11 19:12:22','2021-06-11 19:12:22','17:35:00','07:45:00','5d10a7cf-9b34-4990-bd39-0a7b9196aecb',0),
                                                                                                                     ('22dc6b95-1a3c-46cf-a426-5d07eebc1714',NULL,'2021-06-11','2021-06-11 19:12:35','2021-06-11 19:12:35','17:15:00','07:45:00','5d10a7cf-9b34-4990-bd39-0a7b9196aecb',0),
                                                                                                                     ('4a5310bf-548d-46af-b2fd-f2f9fcca3ae9',NULL,'2021-06-14','2021-06-18 21:07:54','2021-06-18 21:07:54','17:45:00','11:45:00','5d10a7cf-9b34-4990-bd39-0a7b9196aecb',0),
                                                                                                                     ('dfb24872-bc26-4b7e-857e-278be19e58fb',NULL,'2021-06-17','2021-06-18 21:08:46','2021-06-18 21:08:46','17:30:00','07:45:00','5d10a7cf-9b34-4990-bd39-0a7b9196aecb',0),
                                                                                                                     ('191d5354-3ac8-43b3-9c3b-aa84d9becc42',NULL,'2021-06-18','2021-06-18 21:09:13','2021-06-18 21:09:13','17:15:00','08:20:00','5d10a7cf-9b34-4990-bd39-0a7b9196aecb',0),
                                                                                                                     ('240e1104-c8e1-4ad9-9878-d5d77cb7973a',NULL,'2021-06-22','2021-06-25 17:09:39','2021-06-25 17:09:39','20:20:00','08:45:00','5d10a7cf-9b34-4990-bd39-0a7b9196aecb',0);
INSERT INTO t_timelog (id,"comment","date",date_added,date_updated,end_time,start_time,user_id,"version") VALUES
                                                                                                                     ('8c50be35-9c55-4b24-8c17-533ce64a3c00',NULL,'2021-06-24','2021-06-25 17:09:50','2021-06-25 17:09:50','17:30:00','07:45:00','5d10a7cf-9b34-4990-bd39-0a7b9196aecb',0),
                                                                                                                     ('84f5e24b-225d-489a-b0da-6a343c3ec1e7',NULL,'2021-06-25','2021-06-25 17:10:07','2021-06-25 17:10:07','16:15:00','07:45:00','5d10a7cf-9b34-4990-bd39-0a7b9196aecb',0),
                                                                                                                     ('ae7679d3-4ac9-421e-943d-e46b46f38626',NULL,'2021-06-28','2021-06-28 19:18:54','2021-06-28 19:18:54','17:30:00','07:30:00','5d10a7cf-9b34-4990-bd39-0a7b9196aecb',0),
                                                                                                                     ('a33cc1bb-3493-4142-a2f7-8f41d87053a9',NULL,'2021-07-01','2021-07-03 07:58:44','2021-07-03 07:58:44','17:30:00','07:45:00','5d10a7cf-9b34-4990-bd39-0a7b9196aecb',0),
                                                                                                                     ('ac6a6f5f-6451-4dc3-97f5-81fd35894657',NULL,'2021-07-03','2021-07-03 07:59:08','2021-07-03 07:59:08','17:45:00','07:45:00','5d10a7cf-9b34-4990-bd39-0a7b9196aecb',0),
                                                                                                                     ('3d44570c-7d50-4943-a39a-6875d79a7b45',NULL,'2021-08-20','2021-08-22 11:09:09','2021-08-22 11:09:09','17:45:00','07:45:00','5d10a7cf-9b34-4990-bd39-0a7b9196aecb',0),
                                                                                                                     ('4375167e-80d0-4813-8e61-3eb1ced41f0a','3x buss (CHF 8.40)','2021-08-27','2021-08-27 17:32:29','2021-08-31 19:06:30.702371','16:30:00','07:45:00','5d10a7cf-9b34-4990-bd39-0a7b9196aecb',1),
                                                                                                                     ('2c7e2d98-b6f2-4f0d-8896-08739f47928c',NULL,'2021-09-01','2021-09-01 19:54:35','2021-09-01 19:54:35','17:45:00','07:45:00','5d10a7cf-9b34-4990-bd39-0a7b9196aecb',0),
                                                                                                                     ('6ba3f20f-dfb9-46a6-8a87-bf492f132b26',NULL,'2021-09-10','2021-09-13 10:33:44','2021-09-13 10:33:44','16:30:00','07:45:00','5d10a7cf-9b34-4990-bd39-0a7b9196aecb',0),
                                                                                                                     ('3f8a8055-03c7-4636-817f-a70224fc4591','Sjuk! ','2021-09-17','2021-09-19 14:59:17','2021-09-19 14:59:17','16:00:00','07:45:00','5d10a7cf-9b34-4990-bd39-0a7b9196aecb',0);
INSERT INTO t_timelog (id,"comment","date",date_added,date_updated,end_time,start_time,user_id,"version") VALUES
                                                                                                                     ('b4250f73-f1af-49fb-9771-7ca7f4906c2e',NULL,'2021-09-24','2021-09-29 13:44:02','2021-09-29 13:44:02','16:30:00','07:45:00','5d10a7cf-9b34-4990-bd39-0a7b9196aecb',0),
                                                                                                                     ('65dc00ef-5255-4806-8822-f0b4e82cd3f5',NULL,'2021-10-22','2021-10-29 18:49:11','2021-10-29 18:49:11','17:25:00','07:45:00','5d10a7cf-9b34-4990-bd39-0a7b9196aecb',0),
                                                                                                                     ('0da4679d-52b7-4036-adfd-57e94135cb6b',NULL,'2021-10-29','2021-10-29 18:49:25','2021-10-29 18:49:25','17:35:00','08:30:00','5d10a7cf-9b34-4990-bd39-0a7b9196aecb',0),
                                                                                                                     ('c03c8e17-c5d6-409e-95f8-170ad2dcc3f5',NULL,'2021-11-12','2021-11-14 16:35:53','2021-11-14 16:35:53','17:30:00','07:45:00','5d10a7cf-9b34-4990-bd39-0a7b9196aecb',0),
                                                                                                                     ('ba95b1e9-5924-4419-a825-3269e81bf5b6','Emil har Corona ','2021-11-19','2021-11-19 08:16:58','2021-11-19 08:16:58','17:00:00','07:45:00','5d10a7cf-9b34-4990-bd39-0a7b9196aecb',0),
                                                                                                                     ('c0181818-39b7-4be8-8d73-33ba82479295','Annette Corona ','2021-11-26','2021-11-24 16:25:17','2021-11-24 16:25:17','17:00:00','07:45:00','5d10a7cf-9b34-4990-bd39-0a7b9196aecb',0),
                                                                                                                     ('b624581a-de17-4d5f-8317-3509f1a9e95a',NULL,'2022-01-14','2022-01-26 17:37:05','2022-01-26 17:37:05','16:00:00','07:45:00','5d10a7cf-9b34-4990-bd39-0a7b9196aecb',0),
                                                                                                                     ('8edb4f7c-f531-485e-88af-5db24400f459','Florian Corona ','2022-01-21','2022-01-26 17:37:51','2022-01-26 17:37:51','16:30:00','07:45:00','5d10a7cf-9b34-4990-bd39-0a7b9196aecb',0),
                                                                                                                     ('548a50bc-f9f1-499d-b590-8cc2daba8ca5','Corona ','2022-01-28','2022-01-28 11:34:16','2022-01-28 11:34:16','17:00:00','07:45:00','5d10a7cf-9b34-4990-bd39-0a7b9196aecb',0),
                                                                                                                     ('48fa87b1-e554-473d-81b1-e807a7f25715',NULL,'2022-02-04','2022-02-14 09:48:36','2022-02-14 09:48:36','17:00:00','08:00:00','5d10a7cf-9b34-4990-bd39-0a7b9196aecb',0);
INSERT INTO t_timelog (id,"comment","date",date_added,date_updated,end_time,start_time,user_id,"version") VALUES
                                                                                                                     ('318db3fc-f375-4c85-be8f-a847d6f2eaa0','Simona dag 1','2022-02-15','2022-02-18 20:15:03.533','2022-02-18 20:15:03.533','16:20:00','12:20:00','ee66927c-a75f-4310-8582-a68f9dd96040',0),
                                                                                                                     ('3c7c308b-64ec-4db0-935f-cfcb4a6e5e9f',NULL,'2022-02-18','2022-02-24 09:56:45','2022-02-24 09:56:45','17:30:00','07:45:00','5d10a7cf-9b34-4990-bd39-0a7b9196aecb',0),
                                                                                                                     ('fae0d39f-f084-406a-bc1d-bbb8d912cd95',NULL,'2022-02-23','2022-02-24 09:57:02','2022-02-24 09:57:02','17:20:00','07:45:00','5d10a7cf-9b34-4990-bd39-0a7b9196aecb',0),
                                                                                                                     ('798f35a3-81ff-4c16-bb39-b93c794d2868',NULL,'2022-03-11','2022-03-12 12:49:30','2022-03-12 12:49:30','17:30:00','07:45:00','5d10a7cf-9b34-4990-bd39-0a7b9196aecb',0),
                                                                                                                     ('39159a3c-c6f1-4164-8501-07277390e60c','Ich war 3.18 Std :-)))','2022-03-01','2022-03-18 22:27:22','2022-03-18 22:27:22','16:00:00','12:30:00','ee66927c-a75f-4310-8582-a68f9dd96040',0),
                                                                                                                     ('354e7072-d795-4c94-b5f1-fc44f40946c5',NULL,'2022-03-15','2022-03-18 22:28:57','2022-03-18 22:28:57','16:30:00','12:30:00','ee66927c-a75f-4310-8582-a68f9dd96040',0),
                                                                                                                     ('19fb3e61-170e-4a4a-88c1-3ad035854257',NULL,'2022-03-18','2022-03-20 17:11:32','2022-03-20 17:11:32','17:30:00','07:45:00','5d10a7cf-9b34-4990-bd39-0a7b9196aecb',0),
                                                                                                                     ('19cc3dda-fd0b-4cb5-9df8-d2e2a69f2999',NULL,'2022-03-23','2022-03-23 21:59:01','2022-03-23 20:59:18.37159','17:20:00','07:45:00','5d10a7cf-9b34-4990-bd39-0a7b9196aecb',1),
                                                                                                                     ('59adea17-c3a1-45ca-8b24-180254091dda','10 Min. früher aufgehört','2022-03-29','2022-03-29 16:13:28','2022-03-29 19:13:26.966609','16:15:00','12:30:00','ee66927c-a75f-4310-8582-a68f9dd96040',1),
                                                                                                                     ('19e0403d-ef48-44e7-80b4-c5e6d53c5b15','Sjuk! ','2022-04-01','2022-04-08 14:02:30','2022-04-08 14:02:30','17:00:00','07:45:00','5d10a7cf-9b34-4990-bd39-0a7b9196aecb',0);
INSERT INTO t_timelog (id,"comment","date",date_added,date_updated,end_time,start_time,user_id,"version") VALUES
                                                                                                                     ('13f03582-c345-45ef-8e80-dab0b83ba7b4','Farmor och Farfar kom för jag skulle till Sverige! ','2022-04-08','2022-04-08 14:02:58','2022-04-08 14:02:58','14:00:00','07:45:00','5d10a7cf-9b34-4990-bd39-0a7b9196aecb',0),
                                                                                                                     ('d5e0781c-90a6-4e2a-9c14-fe552ebc331a','Vi gick till fel tennishall ','2022-04-29','2022-04-30 12:21:24','2022-04-30 12:21:24','17:55:00','07:45:00','5d10a7cf-9b34-4990-bd39-0a7b9196aecb',0),
                                                                                                                     ('117ff802-c30a-41f3-b97d-1cb5075cda1c',NULL,'2022-04-26','2022-05-07 13:06:05','2022-05-07 13:06:05','16:00:00','11:30:00','ee66927c-a75f-4310-8582-a68f9dd96040',0),
                                                                                                                     ('36772dcf-1941-4112-8390-a817a319f9f4','Bara Lina hemma','2022-05-10','2022-05-10 19:11:41','2022-05-10 19:11:41','16:30:00','12:30:00','ee66927c-a75f-4310-8582-a68f9dd96040',0),
                                                                                                                     ('5b7c6ee3-bd36-494d-bc0c-1a495ace04c3',NULL,'2022-05-13','2022-05-16 15:17:20','2022-05-16 15:17:20','17:30:00','07:45:00','5d10a7cf-9b34-4990-bd39-0a7b9196aecb',0),
                                                                                                                     ('bcf1f4c4-9af7-4739-aaab-1156084b505c',NULL,'2022-05-24','2022-05-24 15:59:40','2022-05-24 15:59:40','16:00:00','12:00:00','ee66927c-a75f-4310-8582-a68f9dd96040',0),
                                                                                                                     ('2dc83b36-73b9-41b8-bc87-aec97b1a3c9a',NULL,'2022-06-03','2022-06-03 23:19:12','2022-06-03 23:19:12','18:30:00','09:00:00','5d10a7cf-9b34-4990-bd39-0a7b9196aecb',0),
                                                                                                                     ('26e3db56-4c4f-4d46-a1d7-0ba047b903f0',NULL,'2022-06-24','2022-06-26 09:51:57','2022-06-26 09:51:57','17:15:00','07:45:00','5d10a7cf-9b34-4990-bd39-0a7b9196aecb',0),
                                                                                                                     ('e48f46c6-c943-4c02-97eb-9e5773d3fa0f',NULL,'2022-07-01','2022-07-01 20:37:34','2022-07-01 20:37:34','17:40:00','07:45:00','5d10a7cf-9b34-4990-bd39-0a7b9196aecb',0),
                                                                                                                     ('0f8bef1a-b2cc-4084-a30d-84f6d1446d92',NULL,'2022-06-07','2022-06-07 16:21:41','2022-06-07 16:21:41','16:20:00','12:20:00','ee66927c-a75f-4310-8582-a68f9dd96040',0);
INSERT INTO t_timelog (id,"comment","date",date_added,date_updated,end_time,start_time,user_id,"version") VALUES
                                                                                                                     ('d7243eca-baf1-4cd4-b636-c7a10741e33d',NULL,'2022-06-10','2022-06-10 19:38:31','2022-06-10 19:38:31','17:45:00','07:45:00','5d10a7cf-9b34-4990-bd39-0a7b9196aecb',0),
                                                                                                                     ('dd2c7f8b-43c2-4305-acac-b24242ba2f91',NULL,'2022-06-17','2022-06-17 18:48:55','2022-06-17 18:48:55','17:25:00','07:45:00','5d10a7cf-9b34-4990-bd39-0a7b9196aecb',0),
                                                                                                                     ('bcf43420-387a-4d4c-b89e-4134396d6c53',NULL,'2022-07-05','2022-07-05 16:18:33','2022-07-05 16:18:33','16:20:00','12:20:00','ee66927c-a75f-4310-8582-a68f9dd96040',0),
                                                                                                                     ('ed879f00-fb33-4877-8b30-5c802c915d4b',NULL,'2022-06-21','2022-07-06 18:58:21','2022-07-06 18:58:21','16:00:00','12:00:00','ee66927c-a75f-4310-8582-a68f9dd96040',0),
                                                                                                                     ('17529af5-e6b2-4af4-a889-131f5dab0027','Semester
Kylskåpet ','2022-08-09','2022-08-09 21:52:00','2022-08-09 21:52:00','13:30:00','08:00:00','ee66927c-a75f-4310-8582-a68f9dd96040',0),
                                                                                                                     ('92fe3f26-631f-4aa6-a989-9a33a8416c05',NULL,'2022-08-23','2022-08-24 21:41:17','2022-08-24 21:41:17','16:00:00','12:00:00','ee66927c-a75f-4310-8582-a68f9dd96040',0);
